Chave;TextoOriginal;Idioma;Traducao;Propriedade;Arquivo
"aLista.Pasta.fCadAlugueis";"Lista";"es-ES";"Lista";"Caption";"C:\Projetos\Atlasweb\CadAlugueis.dfm"
"UniTabSheet1";"Dados Gerais";"es-ES";"Datos Generales";"Caption";"C:\Projetos\Atlasweb\CadAlugueis.dfm"
"pFicha1.UniScrollBox1.UniTabSheet1";"DADOS GERAIS";"es-ES";"DATOS GENERALES";"Title";"C:\Projetos\Atlasweb\CadAlugueis.dfm"
"cCodigo.pFicha1.UniScrollBox1.UniTabSheet1";"Código";"es-ES";"Código";"FieldLabel";"C:\Projetos\Atlasweb\CadAlugueis.dfm"
"cDescricao.pFicha1.UniScrollBox1.UniTabSheet1";"Descrição";"es-ES";"Descripción";"FieldLabel";"C:\Projetos\Atlasweb\CadAlugueis.dfm"
"cValor.pFicha1.UniScrollBox1.UniTabSheet1";"Valor";"es-ES";"Valor";"FieldLabel";"C:\Projetos\Atlasweb\CadAlugueis.dfm"
"cDia_Vencimento.pFicha1.UniScrollBox1.UniTabSheet1";"Dia de Vencimento";"es-ES";"Día de Vencimiento";"FieldLabel";"C:\Projetos\Atlasweb\CadAlugueis.dfm"
"cAliquota_COFINS.pFicha1.UniScrollBox1.UniTabSheet1";"Alíquota da COFINS";"es-ES";"Alícuota de COFINS";"FieldLabel";"C:\Projetos\Atlasweb\CadAlugueis.dfm"
"cAliquota_PIS.pFicha1.UniScrollBox1.UniTabSheet1";"Alíquota do PIS";"es-ES";"Alícuota de PIS";"FieldLabel";"C:\Projetos\Atlasweb\CadAlugueis.dfm"
"cInicio.pFicha1.UniScrollBox1.UniTabSheet1";"Data de Inicio";"es-ES";"Fecha de Inicio";"FieldLabel";"C:\Projetos\Atlasweb\CadAlugueis.dfm"
"cTermino.pFicha1.UniScrollBox1.UniTabSheet1";"Data de Término";"es-ES";"Fecha de Vencimiento";"FieldLabel";"C:\Projetos\Atlasweb\CadAlugueis.dfm"
"aLista.Pasta.fCadBancos";"Lista";"es-ES";"Lista";"Caption";"C:\Projetos\Atlasweb\CadBancos.dfm"
"cNome.pFicha1.UniScrollBox1.UniTabSheet1";"Nome";"es-ES";"Nombre";"FieldLabel";"C:\Projetos\Atlasweb\CadBancos.dfm"
"cConta.pFicha1.UniScrollBox1.UniTabSheet1";"Conta Corrente";"es-ES";"Cuenta Corriente";"FieldLabel";"C:\Projetos\Atlasweb\CadBancos.dfm"
"cAgencia.pFicha1.UniScrollBox1.UniTabSheet1";"Agência";"es-ES";"Agencia";"FieldLabel";"C:\Projetos\Atlasweb\CadBancos.dfm"
"cSaldo.pFicha1.UniScrollBox1.UniTabSheet1";"Saldo";"es-ES";"Saldo";"FieldLabel";"C:\Projetos\Atlasweb\CadBancos.dfm"
"cNumero_Banco.pFicha1.UniScrollBox1.UniTabSheet1";"Código do Banco";"es-ES";"Código del Banco";"FieldLabel";"C:\Projetos\Atlasweb\CadBancos.dfm"
"cCheque.pFicha1.UniScrollBox1.UniTabSheet1";"Nº Último Cheque";"es-ES";"Nº Último Cheque";"FieldLabel";"C:\Projetos\Atlasweb\CadBancos.dfm"
"cCodigo_Destinatario.pFicha1.UniScrollBox1.UniTabSheet1";"Código de Destinatário";"es-ES";"Código de Destinatario";"FieldLabel";"C:\Projetos\Atlasweb\CadBancos.dfm"
"cData_Fechamento.pFicha1.UniScrollBox1.UniTabSheet1";"Data Fechamento";"es-ES";"Fecha de Cierre";"FieldLabel";"C:\Projetos\Atlasweb\CadBancos.dfm"
"cDesativado.pFicha1.UniScrollBox1.UniTabSheet1";"Desativado";"es-ES";"Desactivado";"Caption";"C:\Projetos\Atlasweb\CadBancos.dfm"
"cSwift_Code.pFicha1.UniScrollBox1.UniTabSheet1";"Swift Code";"es-ES";"Código Swift";"FieldLabel";"C:\Projetos\Atlasweb\CadBancos.dfm"
"cIBAN.pFicha1.UniScrollBox1.UniTabSheet1";"Nº IBAN";"es-ES";"Nº IBAN";"FieldLabel";"C:\Projetos\Atlasweb\CadBancos.dfm"
"cContaContabil.pFicha1.UniScrollBox1.UniTabSheet1";"Conta Contabil";"es-ES";"Cuenta Contable";"FieldLabel";"C:\Projetos\Atlasweb\CadBancos.dfm"
"cTipoConta.pFicha1.UniScrollBox1.UniTabSheet1";"Tipo de Conta";"es-ES";"Tipo de Cuenta";"Caption";"C:\Projetos\Atlasweb\CadBancos.dfm"
"cDigito_cc.pFicha1.UniScrollBox1.UniTabSheet1";"Digito CC";"es-ES";"Dígito CC";"FieldLabel";"C:\Projetos\Atlasweb\CadBancos.dfm"
"cDigito_ag.pFicha1.UniScrollBox1.UniTabSheet1";"Digito Ag";"es-ES";"Dígito Ag";"FieldLabel";"C:\Projetos\Atlasweb\CadBancos.dfm"
"UniDBLookupComboBox1.pFicha1.UniScrollBox1.UniTabSheet1";"Empresa";"es-ES";"Empresa";"FieldLabel";"C:\Projetos\Atlasweb\CadBancos.dfm"
"UniTabSheet2";"Dados de Boleto";"es-ES";"Datos de Boleto";"Caption";"C:\Projetos\Atlasweb\CadBancos.dfm"
"pFicha2.UniScrollBox2.UniTabSheet2";"DADOS GERAIS";"es-ES";"DATOS GENERALES";"Title";"C:\Projetos\Atlasweb\CadBancos.dfm"
"cCarteira.pFicha2.UniScrollBox2.UniTabSheet2";"Carteira Boleto";"es-ES";"Cartera de Boleto";"FieldLabel";"C:\Projetos\Atlasweb\CadBancos.dfm"
"cCodigo_Cedente.pFicha2.UniScrollBox2.UniTabSheet2";"Código Cedente";"es-ES";"Código del Cedente";"FieldLabel";"C:\Projetos\Atlasweb\CadBancos.dfm"
"cNome_Boleto.pFicha2.UniScrollBox2.UniTabSheet2";"Nome Impressão Boleto";"es-ES";"Nombre de Impresión del Boleto";"FieldLabel";"C:\Projetos\Atlasweb\CadBancos.dfm"
"cConvenio.pFicha2.UniScrollBox2.UniTabSheet2";"Convênio";"es-ES";"Convenio";"FieldLabel";"C:\Projetos\Atlasweb\CadBancos.dfm"
"cBoleto_LocalPagamento.pFicha2.UniScrollBox2.UniTabSheet2";"Local Pagto.Boleto";"es-ES";"Lugar de Pago del Boleto";"FieldLabel";"C:\Projetos\Atlasweb\CadBancos.dfm"
"cBoletos_Remessa.pFicha2.UniScrollBox2.UniTabSheet2";"Nº Última Remessa";"es-ES";"Nº Última Remesa";"FieldLabel";"C:\Projetos\Atlasweb\CadBancos.dfm"
"cNome_Remessa.pFicha2.UniScrollBox2.UniTabSheet2";"Nome arquivo remessa";"es-ES";"Nombre del archivo de remesa";"FieldLabel";"C:\Projetos\Atlasweb\CadBancos.dfm"
"cCarteira_Remessa.pFicha2.UniScrollBox2.UniTabSheet2";"Carteira Remessa";"es-ES";"Cartera de Remesa";"FieldLabel";"C:\Projetos\Atlasweb\CadBancos.dfm"
"cCodigo_Transmissao.pFicha2.UniScrollBox2.UniTabSheet2";"Codigo de Transmissão";"es-ES";"Código de Transmisión";"FieldLabel";"C:\Projetos\Atlasweb\CadBancos.dfm"
"aLista.Pasta.fCadBeneficiosFiscais";"Lista";"es-ES";"Lista";"Caption";"C:\Projetos\Atlasweb\CadBeneficiosFiscais.dfm"
"TabSheet1";"Benefícios";"es-ES";"Beneficios";"Caption";"C:\Projetos\Atlasweb\CadBeneficiosFiscais.dfm"
"pFicha.UniScrollBox1.TabSheet1";"DADOS GERAIS";"es-ES";"DATOS GENERALES";"Title";"C:\Projetos\Atlasweb\CadBeneficiosFiscais.dfm"
"cCodigo.pFicha.UniScrollBox1.TabSheet1";"Código ";"es-ES";"Código ";"FieldLabel";"C:\Projetos\Atlasweb\CadBeneficiosFiscais.dfm"
"cNome.pFicha.UniScrollBox1.TabSheet1";"Nome";"es-ES";"Nombre";"FieldLabel";"C:\Projetos\Atlasweb\CadBeneficiosFiscais.dfm"
"GroupBox1.pFicha.UniScrollBox1.TabSheet1";"BC ICMS(Entrada)";"es-ES";"Base de Cálculo ICMS (Entrada)";"Caption";"C:\Projetos\Atlasweb\CadBeneficiosFiscais.dfm"
"cBCICMSEnt_FOB.GroupBox1.pFicha.UniScrollBox1.TabSheet1";"FOB";"es-ES";"FOB";"Caption";"C:\Projetos\Atlasweb\CadBeneficiosFiscais.dfm"
"cBCICMSEnt_Frete.GroupBox1.pFicha.UniScrollBox1.TabSheet1";"Frete";"es-ES";"Flete";"Caption";"C:\Projetos\Atlasweb\CadBeneficiosFiscais.dfm"
"cBCICMSEnt_Seguro.GroupBox1.pFicha.UniScrollBox1.TabSheet1";"Seguro";"es-ES";"Seguro";"Caption";"C:\Projetos\Atlasweb\CadBeneficiosFiscais.dfm"
"cBCICMSEnt_II.GroupBox1.pFicha.UniScrollBox1.TabSheet1";"II";"es-ES";"Impuesto de Importación";"Caption";"C:\Projetos\Atlasweb\CadBeneficiosFiscais.dfm"
"cBCICMSEnt_IPI.GroupBox1.pFicha.UniScrollBox1.TabSheet1";"IPI";"es-ES";"IPI";"Caption";"C:\Projetos\Atlasweb\CadBeneficiosFiscais.dfm"
"cBCICMSEnt_PIS.GroupBox1.pFicha.UniScrollBox1.TabSheet1";"PIS";"es-ES";"PIS";"Caption";"C:\Projetos\Atlasweb\CadBeneficiosFiscais.dfm"
"cBCICMSEnt_COFINS.GroupBox1.pFicha.UniScrollBox1.TabSheet1";"COFINS";"es-ES";"COFINS";"Caption";"C:\Projetos\Atlasweb\CadBeneficiosFiscais.dfm"
"cBCICMSEnt_Despesas.GroupBox1.pFicha.UniScrollBox1.TabSheet1";"Despesas";"es-ES";"Gastos";"Caption";"C:\Projetos\Atlasweb\CadBeneficiosFiscais.dfm"
"cVencimento_ICMS.pFicha.UniScrollBox1.TabSheet1";"Vencimento ICMS Operacional";"es-ES";"Vencimiento ICMS Operacional";"FieldLabel";"C:\Projetos\Atlasweb\CadBeneficiosFiscais.dfm"
"cEstado.pFicha.UniScrollBox1.TabSheet1";"Estado";"es-ES";"Estado";"FieldLabel";"C:\Projetos\Atlasweb\CadBeneficiosFiscais.dfm"
"cReducaoICMS_Entrada.pFicha.UniScrollBox1.TabSheet1";"Redução BC ICMS Entrada (%)";"es-ES";"Reducción Base Cálculo ICMS Entrada (%)";"FieldLabel";"C:\Projetos\Atlasweb\CadBeneficiosFiscais.dfm"
"cReducaoICMS_Saida.pFicha.UniScrollBox1.TabSheet1";"Redução BC ICMS Saída (%)";"es-ES";"Reducción Base Cálculo ICMS Salida (%)";"FieldLabel";"C:\Projetos\Atlasweb\CadBeneficiosFiscais.dfm"
"cICMS_Diferido.pFicha.UniScrollBox1.TabSheet1";"ICMS Diferido";"es-ES";"ICMS Diferido";"Caption";"C:\Projetos\Atlasweb\CadBeneficiosFiscais.dfm"
"cVencimento_ICMSSub.pFicha.UniScrollBox1.TabSheet1";"Vencimento ICMS Substitutivo";"es-ES";"Vencimiento ICMS Sustitutivo";"FieldLabel";"C:\Projetos\Atlasweb\CadBeneficiosFiscais.dfm"
"cReducao_AliquotaICMS.pFicha.UniScrollBox1.TabSheet1";"Redução Aliquota ICMS (%)";"es-ES";"Reducción Alícuota ICMS (%)";"FieldLabel";"C:\Projetos\Atlasweb\CadBeneficiosFiscais.dfm"
"cInativa.pFicha.UniScrollBox1.TabSheet1";"Inativa";"es-ES";"Inactiva";"Caption";"C:\Projetos\Atlasweb\CadBeneficiosFiscais.dfm"
"cCodigo_Receita.pFicha.UniScrollBox1.TabSheet1";"Código da Receita";"es-ES";"Código de la Recaudación";"FieldLabel";"C:\Projetos\Atlasweb\CadBeneficiosFiscais.dfm"
"cCaucao_RetBANDES.pFicha.UniScrollBox1.TabSheet1";"Caução Retenção BANDES";"es-ES";"Garantía de Retención BANDES";"FieldLabel";"C:\Projetos\Atlasweb\CadBeneficiosFiscais.dfm"
"cValor_TaxaCartorio.pFicha.UniScrollBox1.TabSheet1";"Taxa Registro Contrato Cartório";"es-ES";"Tasa de Registro de Contrato en Notaría";"FieldLabel";"C:\Projetos\"
